Name;Player ID
Jannik Sinner;sr:competitor:225050
Carlos Alcaraz;sr:competitor:407573
Alexander Zverev;sr:competitor:57163
Taylor Fritz;sr:competitor:136042
Jack Draper;sr:competitor:352776
Novak Djokovic;sr:competitor:14882
Ben Shelton;sr:competitor:808628
Alex de Minaur;sr:competitor:214182
Holger Rune;sr:competitor:429603
Lorenzo Musetti;sr:competitor:359602
Andrey Rublev;sr:competitor:106755
Francis Tiafoe;sr:competitor:101101
Casper Ruud;sr:competitor:119248
Daniil Medvedev;sr:competitor:163504
Tommy Paul;sr:competitor:138546
Karen Khachanov;sr:competitor:90080
Flavio Cobolli;sr:competitor:399637
Jakub Mensik;sr:competitor:763108
Alejandro Davidovich Fokina;sr:competitor:157456
Grigor Dimitrov;sr:competitor:23581
Arthur Fils;sr:competitor:671637
Tomas Machac;sr:competitor:300540
Ugo Humbert;sr:competitor:185388
Francisco Cerúndolo;sr:competitor:255595
Alexander Bublik;sr:competitor:163480
Alexei Popyrin;sr:competitor:128552
Jiri Lehecka;sr:competitor:339377
Felix Auger-Aliassime;sr:competitor:195800
Denis Shapovalov;sr:competitor:117916
Stefanos Tsitsipas;sr:competitor:122366
Tallon Griekspoor;sr:competitor:122368
Brandon Nakashima;sr:competitor:294300
Sebastian Korda;sr:competitor:203681
Alex Michelsen;sr:competitor:871495
Luciano Darderi;sr:competitor:534043
Gabriel Diallo;sr:competitor:418213
Hubert Hurkacz;sr:competitor:158896
Lorenzo Sonego;sr:competitor:104847
Cameron Norrie;sr:competitor:95935
Alexandre Muller;sr:competitor:88992
Matteo Arnaldi;sr:competitor:505550
Nuno Borges;sr:competitor:125006
Giovanni Mpetshi Perricard;sr:competitor:450283
Jordan Thompson;sr:competitor:87690
Sebastián Báez;sr:competitor:257721
Corentin Moutet;sr:competitor:175014
Camilo Ugo Carabelli;sr:competitor:204117
Gael Monfils;sr:competitor:14844
Joao Fonseca;sr:competitor:863319
Miomir Kecmanovic;sr:competitor:130398
Jaume Munar;sr:competitor:126356
Zizou Bergs;sr:competitor:170946
Roberto Bautista Agut;sr:competitor:16720
Damir Dzumhur;sr:competitor:49172
Jacob Fearnley;sr:competitor:407783
Fabian Marozsan;sr:competitor:254383
Matteo Berrettini;sr:competitor:112783
Daniel Altmaier;sr:competitor:127208
Marcos Giron;sr:competitor:42379
Tomás Martín Etcheverry;sr:competitor:169496
Learner Tien;sr:competitor:891669
Aleksandar Kovacevic;sr:competitor:188321
Marin Cilic;sr:competitor:15387
Arthur Rinderknech;sr:competitor:63606
David Goffin;sr:competitor:25838
Benjamin Bonzi;sr:competitor:94485
Kei Nishikori;sr:competitor:15733
Pedro Martínez;sr:competitor:77223
Quentin Halys;sr:competitor:90798
Laslo Djere;sr:competitor:97231
Francisco Comesaña;sr:competitor:341192
Mattia Bellucci;sr:competitor:472975
Hamad Medjedovic;sr:competitor:601146
Reilly Opelka;sr:competitor:130400
Arthur Cazaux;sr:competitor:445419
Bu Yunchaokete;sr:competitor:337601
Mariano Navone;sr:competitor:392066
Christopher O'Connell;sr:competitor:58221
Jesper de Jong;sr:competitor:310974
Vit Kopriva;sr:competitor:210526
Kamil Majchrzak;sr:competitor:108709
Roman Safiullin;sr:competitor:124930
Juan Manuel Cerúndolo;sr:competitor:258735
Carlos Taberner;sr:competitor:108559
Rinky Hijikata;sr:competitor:299130
Ethan Quinn;sr:competitor:655845
Botic van de Zandschulp;sr:competitor:102339
Adam Walton;sr:competitor:227358
Roberto Carballés Baena;sr:competitor:51141
Raphael Collignon;sr:competitor:739641
Marton Fucsovics;sr:competitor:47770
Borna Coric;sr:competitor:64580
Pablo Carreño-Busta;sr:competitor:40800
Adrian Mannarino;sr:competitor:15894
Filip Misolic;sr:competitor:248779
Mackenzie McDonald;sr:competitor:63438
Luca Nardi;sr:competitor:450477
Hugo Dellien;sr:competitor:57289
Aleksandar Vukic;sr:competitor:124656
Nicolas Jarry;sr:competitor:89632
Alexander Shevchenko;sr:competitor:371436
Jenson Brooksby;sr:competitor:195516
Tristan Schoolkate;sr:competitor:405977
Alejandro Tabilo;sr:competitor:102151
Elmer Moeller;sr:competitor:1084926
James Duckworth;sr:competitor:39711
Chun Hsin Tseng;sr:competitor:226036
Brandon Holt;sr:competitor:226050
Juncheng Shang;sr:competitor:721347
Nishesh Basavareddy;sr:competitor:872497
Valentin Royer;sr:competitor:341220
Nikoloz Basilashvili;sr:competitor:26204
Liam Draxl;sr:competitor:263917
Emilio Nava;sr:competitor:284805
Cristian Garín;sr:competitor:64570
Jaime Faria;sr:competitor:682911
Otto Virtanen;sr:competitor:276563
Francesco Passaro;sr:competitor:353530
Lukas Klein;sr:competitor:163636
Dalibor Svrcina;sr:competitor:355752
Alexander Blockx;sr:competitor:829282
Shintaro Mochizuki;sr:competitor:503814
Tristan Boyer;sr:competitor:284801
Eliot Spizzirri;sr:competitor:448357
Matteo Gigante;sr:competitor:619900
Hugo Gastón;sr:competitor:223874
Dino Prizmic;sr:competitor:722429
Andrea Pellegrino;sr:competitor:93597
Daniel Evans;sr:competitor:16375
Thiago Agustín Tirante;sr:competitor:256875
Yoshihito Nishioka;sr:competitor:59281
Terence Atmane;sr:competitor:399633
Thiago Seyboth Wild;sr:competitor:161262
Daniel Elahi Galán Riveros;sr:competitor:92074
Ignacio Buse;sr:competitor:604344
Colton Smith;sr:competitor:798876
Martin Landaluce;sr:competitor:903987
Jan-Lennard Struff;sr:competitor:46391
Román Andrés Burruchaga;sr:competitor:443702
Juan Pablo Ficovich;sr:competitor:113979
Sebastian Ofner;sr:competitor:83397
Pierre-Hugues Herbert;sr:competitor:44553
Marcelo Tomás Barrios Vera;sr:competitor:132834
August Holmgren;sr:competitor:226124
Dusan Lajovic;sr:competitor:39234
Billy Harris;sr:competitor:111837
Mark Lajal;sr:competitor:801386
Zachary Svajda;sr:competitor:501672
Vilius Gaubas;sr:competitor:604238
Yannick Hanfmann;sr:competitor:47975
Jan Choinski;sr:competitor:105607
Stan Wawrinka;sr:competitor:14548
Titouan Droguet;sr:competitor:309954
Federico Coria;sr:competitor:54573
Christopher Eubanks;sr:competitor:206879
Taro Daniel;sr:competitor:48632
Harold Mayot;sr:competitor:321667
Yosuke Watanuki;sr:competitor:157302
Chris Rodesch;sr:competitor:268553
Felipe Alves;sr:competitor:121668
Thanasi Kokkinakis;sr:competitor:71280
Zsombor Piros;sr:competitor:223714
Kyrian Jacquet;sr:competitor:382058
Li Tu;sr:competitor:49417
Zhizhen Zhang;sr:competitor:75813
Mitchell Krueger;sr:competitor:52276
James McCabe;sr:competitor:675175
Chak Lam Coleman Wong;sr:competitor:449767
Hady Habib;sr:competitor:130436
Thiago Monteiro;sr:competitor:47603
Daniel Mérida;sr:competitor:673479
Lukas Neumayer;sr:competitor:675173
Guy Den Ouden;sr:competitor:739649
Marc-Andrea Huesler;sr:competitor:145112
Murphy Cassone;sr:competitor:652092
Henrique Rocha;sr:competitor:682913
Lucas Pouille;sr:competitor:57703
Francesco Maestrelli;sr:competitor:359608
Alibek Kachmazov;sr:competitor:477182
Marco Trungelliti;sr:competitor:38517
Calvin Hemery;sr:competitor:81271
Richard Gasquet;sr:competitor:14414
Luca van Assche;sr:competitor:658475
Jurij Rodionov;sr:competitor:212004
Santiago Rodríguez Taverna;sr:competitor:185434
Yibing Wu;sr:competitor:200261
Nicolai Budkov Kjaer;sr:competitor:943619
Fabio Fognini;sr:competitor:15434
Benjamin Hassan;sr:competitor:108767
James Kent Trotter;sr:competitor:342826
Luka Pavlovic;sr:competitor:266711
Jerome Kym;sr:competitor:539343
Hugo Grenier;sr:competitor:107357
Alexis Galarneau;sr:competitor:187689
Kimmer Coppejans;sr:competitor:54955
Mikhail Kukushkin;sr:competitor:16683
Jack Pinnington Jones;sr:competitor:603104
Nicolás Moreno de Alboran;sr:competitor:113905
Jason Kubler;sr:competitor:39726
Jay Clarke;sr:competitor:116616
Constant Lestienne;sr:competitor:62790
Federico Agustín Gómez;sr:competitor:146040
Dominic Stricker;sr:competitor:496346
Beibit Zhukayev;sr:competitor:286541
Omar Jasika;sr:competitor:79467
Rei Sakamoto;sr:competitor:893391
Sascha Gueymard Wayenburg;sr:competitor:679701
Yuta Shimizu;sr:competitor:250231
Sho Shimabukuro;sr:competitor:247607
Rio Noguchi;sr:competitor:251091
Gauthier Onclin;sr:competitor:289105
Bernard Tomic;sr:competitor:17080
Vitaliy Sachko;sr:competitor:100069
Patrick Kypson;sr:competitor:234046
Fajing Sun;sr:competitor:163438
Aziz Dougaz;sr:competitor:172482
Arthur Bouquier;sr:competitor:382056
Yu Hsiou Hsu;sr:competitor:220588
Borna Gojo;sr:competitor:124916
Pol Martín Tiffon;sr:competitor:251029
Rodrigo Pacheco Mendez;sr:competitor:809324
Dmitry Popko;sr:competitor:50901
Viktor Durasovic;sr:competitor:96239
Federico Cina;sr:competitor:917921
Yasutaka Uchiyama;sr:competitor:46390
Justin Engel;sr:competitor:861511
Alex Bolt;sr:competitor:58369
Edas Butvilas;sr:competitor:809320
Stefano Travaglia;sr:competitor:36300
Oliver Crawford;sr:competitor:240876
Clement Chidekh;sr:competitor:283759
Ugo Blanchet;sr:competitor:213170
Elias Ymer;sr:competitor:83661
Clement Tabur;sr:competitor:225052
Johannus Monday;sr:competitor:565070
George Loffhagen;sr:competitor:353550
Álex Barrena;sr:competitor:517028
Joao Lucas Reis da Silva;sr:competitor:240264
Ilia Simakin;sr:competitor:686709
Nerman Fatic;sr:competitor:63090
Andrea Collarini;sr:competitor:43761
Ryan Peniston;sr:competitor:91240
Nicolás Mejía;sr:competitor:138528
Álvaro Guillén Meza;sr:competitor:389114
Adolfo Daniel Vallejo;sr:competitor:622876
Pavel Kotov;sr:competitor:218538
Marek Gengel;sr:competitor:152898
Aslan Karatsev;sr:competitor:60502
Ivan Gakhov;sr:competitor:76515
Mathys Erhard;sr:competitor:240916
Matías Soto;sr:competitor:305776
Andrés Andrade;sr:competitor:168420
Facundo Díaz Acosta;sr:competitor:371476
Valentin Vacherot;sr:competitor:158912
Marat Sharipov;sr:competitor:620338
Matej Dodig;sr:competitor:915153
Geoffrey Blancaneaux;sr:competitor:141882
Alejandro Moro Cañaas;sr:competitor:325737
Juan Carlos Prado Angelo;sr:competitor:834054
Dimitar Kuzmanov;sr:competitor:51009
Filip Cristian Jianu;sr:competitor:279295
Norbert Gombos;sr:competitor:50139
Duje Ajdukovic;sr:competitor:226132
Frederico Ferreira Silva;sr:competitor:66484
Nicolás Álvarez Varona;sr:competitor:224024
Saba Purtseladze;sr:competitor:350752
Khumoyun Sultonov;sr:competitor:149100
Christoph Negritu;sr:competitor:55745
Yan (1989) Bai;sr:competitor:25683
Matteo Martineau;sr:competitor:145122
Patrick Zahraj;sr:competitor:229024
Tung-Lin Wu;sr:competitor:163996
Marko Topo;sr:competitor:720613
Facundo Mena;sr:competitor:38180
Lautaro Midon;sr:competitor:847592
Andres Martin;sr:competitor:603420
Giulio Zeppieri;sr:competitor:298122
Mili Poljicak;sr:competitor:686911
Arthur Gea;sr:competitor:801374
Matheus Pucinelli de Almeida;sr:competitor:373348
Karue Sell;sr:competitor:52057
Carlos Sánchez Jover;sr:competitor:205773
Max Houkes;sr:competitor:414501
Albert Ramos-Viñolas;sr:competitor:16822
Murkel Alejandro Dellien Velasco;sr:competitor:82133
Aidan Mayo;sr:competitor:540271
Eliakim Coulibaly;sr:competitor:603820
Marco Cecchinato;sr:competitor:44549
Daniel Rincón;sr:competitor:530317
Adriá Soriano Barrera;sr:competitor:228372
Jie Cui;sr:competitor:215492
Gonçalo Oliveira;sr:competitor:57759
Jakub Paul;sr:competitor:243522
Mika Brunold;sr:competitor:745797
Gonzalo Bueno;sr:competitor:506300
Tiago Pereira;sr:competitor:880089
Daniel Michalski;sr:competitor:345576
Hynek Barton;sr:competitor:763106
Lorenzo Giustino;sr:competitor:48626
Gustavo Heide;sr:competitor:515510
Genaro Alberto Olivieri;sr:competitor:169486
Tyler Zink;sr:competitor:373852
Nikolás Sánchez-Izquierdo;sr:competitor:199196
Antoine Escoffier;sr:competitor:49663
Michael Geerts;sr:competitor:103625
Timofey Skatov;sr:competitor:276685
Max Hans Rehberg;sr:competitor:508498
Sumit Nagal;sr:competitor:131566
Andrea Vavassori;sr:competitor:95801
Corentin Denolly;sr:competitor:126402
Radu Albot;sr:competitor:44547
Alexander Ritschard;sr:competitor:56017
Moez Echargui;sr:competitor:153826
Juan Pablo Varillas Patiño-Samudio;sr:competitor:72248
Alex Rybakov;sr:competitor:101157
Oleg Prihodko;sr:competitor:152864
Gastao Elias;sr:competitor:15858
Juan Bautista Torres;sr:competitor:574371
Arthur Fery;sr:competitor:603098
Jacopo Berrettini;sr:competitor:221538
Stefanos Sakellaridis;sr:competitor:515478
Patrick Maloney;sr:competitor:328985
Gijs Brouwer;sr:competitor:104967
Michael Mmoh;sr:competitor:131442
Renzo Olivo;sr:competitor:55787
Denis Yevseyev;sr:competitor:50847
Robin Bertrand;sr:competitor:679699
Yi Zhou;sr:competitor:947875
Roberto Cid;sr:competitor:51309
Jelle Sels;sr:competitor:56361
Moerani Bouzige;sr:competitor:310968
Philip Henning;sr:competitor:299818
Nicolas Kicker;sr:competitor:66086
Robert Strombachs;sr:competitor:369630
Alexey Vatutin;sr:competitor:52462
Blake Ellis;sr:competitor:119140
Andrej Martin;sr:competitor:24415
Alex Martí Pujolrás;sr:competitor:251025
Dan Added;sr:competitor:195458
Federico Arnaboldi;sr:competitor:265559
Luka Mikrut;sr:competitor:722431
Tom Paris;sr:competitor:655825
Daniel Dutra da Silva;sr:competitor:48225
Garrett Johns;sr:competitor:303862
Govind Nanda;sr:competitor:224936
Oriol Roca Batalla;sr:competitor:51100
Luciano Emanuel Ambrogi;sr:competitor:652290
Remy Bertola;sr:competitor:145108
Maximilian Marterer;sr:competitor:71660
Petr Bar Biryukov;sr:competitor:768772
Naoki Nakagawa;sr:competitor:52069
Christian Langmo;sr:competitor:103313
Diego Dedura-Palomero;sr:competitor:1034817
Raul Brancaccio;sr:competitor:123694
Joel Josef Schwarzler;sr:competitor:938667
Pedro Boscardin Dias;sr:competitor:434058
Andre Ilagan;sr:competitor:312088
Gabriel Debru;sr:competitor:774476
Alastair Gray;sr:competitor:262679
Inaki Montes de la Torre;sr:competitor:457059
Mats Rosenkranz;sr:competitor:157394
Nicholas David Ionel;sr:competitor:336423
Pablo Llamas Ruiz;sr:competitor:371448
Gregoire Barrere;sr:competitor:67154
Hyeon Chung;sr:competitor:83211
Hiroki Moriya;sr:competitor:32466
Milos Karol;sr:competitor:628218
Masamichi Imamura;sr:competitor:207777
Henri Squire;sr:competitor:229022
Guido Ivan Justo;sr:competitor:341188
Fabrizio Andaloro;sr:competitor:461029
Daniil Glinka;sr:competitor:233184
Alfredo Perez;sr:competitor:134602
Toby Alex Kodat;sr:competitor:499100
Gonzalo Villanueva;sr:competitor:85877
Mateus Alves;sr:competitor:221556
Lloyd Harris;sr:competitor:157808
Gilles Arnaud Bailly;sr:competitor:870877
Alex Molcan;sr:competitor:145130
Andrej Nedic;sr:competitor:580167
Oleksandr Ovcharenko;sr:competitor:301896
Zdenek Kolar;sr:competitor:132558
Adrian Andreev;sr:competitor:230468
Giovanni Fonio;sr:competitor:175070
Kilian Feldbausch;sr:competitor:780796
Lucas Poullain;sr:competitor:135778
Abedallah Shelbayh;sr:competitor:428657
Ricardas Berankis;sr:competitor:22956
Maximilian Neuchrist;sr:competitor:46259
Svyatoslav Gulin;sr:competitor:863263
Aryan Shah;sr:competitor:920395
Laurent Lokoli;sr:competitor:66002
Franco Roncadelli;sr:competitor:305558
Rudolf Molleker;sr:competitor:231192
Maximus Jones;sr:competitor:663757
Mariano Kestelboim;sr:competitor:99377
Seongchan Hong;sr:competitor:97977
Bernabé Zapata Miralles;sr:competitor:108565
Gabi Adrian Boitan;sr:competitor:275393
Lukas Pokorny;sr:competitor:723013
Tom Gentzsch;sr:competitor:787144
Karan Singh;sr:competitor:783794
Oliver Tarvet;sr:competitor:812472
Darwin Blanch;sr:competitor:873695
Sandro Kopp;sr:competitor:210502
Florent Bax;sr:competitor:269523
Dennis Novak;sr:competitor:59304
Lilian Marmousez;sr:competitor:321665
Paul Jubb;sr:competitor:242548
Federico Bondioli;sr:competitor:873679
Pedro Sakamoto;sr:competitor:65576
Gabriele Piraino;sr:competitor:791648
Juan Carlos Aguilar;sr:competitor:214824
Kyle Edmund;sr:competitor:65382
Franco Agamenone;sr:competitor:65606
Henry Searle;sr:competitor:871807
Marvin Moeller;sr:competitor:269571
Yusuke Takahashi;sr:competitor:177644
Vadym Ursu;sr:competitor:111857
Miguel Damas;sr:competitor:197674
Alexandr Binda;sr:competitor:494844
Kasidit Samrej;sr:competitor:280449
Neil Oberleitner;sr:competitor:280601
Matthew Dellavedova;sr:competitor:196440
Stefan Dostanic;sr:competitor:402317
Enrico Dalla Valle;sr:competitor:106153
Charles Broom;sr:competitor:216502
Max Alcalá Gurri;sr:competitor:422993
Kris van Wyk;sr:competitor:156826
Marc Polmans;sr:competitor:80665
Ryan Nijboer;sr:competitor:303808
Stefan Kozlov;sr:competitor:77007
Alvin Nicholas Tudorica;sr:competitor:364924
Sanhui Shin;sr:competitor:220932
Cezar Cretu;sr:competitor:205767
Manuel Guinard;sr:competitor:121182
Max Wiskandt;sr:competitor:508496
Gerard Campana Lee;sr:competitor:787154
Tibo Colson;sr:competitor:341218
Max Purcell;sr:competitor:124658
Martin Damm Jr;sr:competitor:51345
Jakub Nicod;sr:competitor:763110
Iliyan Radulov;sr:competitor:915951
Oleksii Krutykh;sr:competitor:286367
Michael Zheng;sr:competitor:807574
Stuart Parker;sr:competitor:240320
Giles Hussey;sr:competitor:450343
Maxim Mrva;sr:competitor:948185
Hamish Stewart;sr:competitor:312728
Alex Hernandez;sr:competitor:353548
Woobin Shin;sr:competitor:437734
Petr Nesterov;sr:competitor:645452
Dominik Koepfer;sr:competitor:129368
Javier Barranco Cosano;sr:competitor:177686
Tommaso Compagnucci;sr:competitor:272281
Pedro Araujo;sr:competitor:452691
Gabriele Pennaforti;sr:competitor:790404
Anton Matusevich;sr:competitor:312438
Aristotelis Thanos;sr:competitor:637536
Jeffrey John Wolf;sr:competitor:234048
Petr Brunclik;sr:competitor:897995
Sasikumar Mukund;sr:competitor:117866
Andrea Picchione;sr:competitor:423131
Kokoro Isomura;sr:competitor:750283
Eric Vanshelboim;sr:competitor:435758
Olle Wallin;sr:competitor:617530
Dane Sweeny;sr:competitor:287541
Valerio Aboian;sr:competitor:498580
Juan Manuel La Serna;sr:competitor:785974
Maxwell McKennon;sr:competitor:379918
Antoine Ghibaudo;sr:competitor:675527
Branko Djuric;sr:competitor:634350
Renta Tokuda;sr:competitor:155684
Bor Artnak;sr:competitor:813476
Tristan Lamasine;sr:competitor:47767
Lorenzo Joaquín Rodríguez;sr:competitor:283451
Sergey Fomin;sr:competitor:208165
Olaf Pieczkowski;sr:competitor:729741
Rafael Jodar;sr:competitor:972327
Leo Borg;sr:competitor:681005
Nikolay Vylegzhanin;sr:competitor:310978
Dali Blanch;sr:competitor:588075
Yurii Dzhavakian;sr:competitor:60584
Dan Alexandru Tomescu;sr:competitor:168524
Florian Broska;sr:competitor:219534
Ergi Kirkin;sr:competitor:186629
Keegan Smith;sr:competitor:284835
Leandro Riedi;sr:competitor:603096
Micah Braswell;sr:competitor:431661
Enzo Couacaud;sr:competitor:74441
Eduardo Ribeiro;sr:competitor:210592
Alessandro Pecci;sr:competitor:620998
Takuya Kumasaka;sr:competitor:319243
Gianluca Cadenasso;sr:competitor:927343
Peter Bertran;sr:competitor:120958
Hernán Casanova;sr:competitor:54975
Tadeas Paroulek;sr:competitor:291272
Michael Vrbensky;sr:competitor:295508
Arthur Reymond;sr:competitor:180104
Luca Castelnuovo;sr:competitor:92667
;
;
;
;
;
;
;
;
;
;
;
;
;
;
;
;
;
;
;
;
;
;
;
;
;
;
;
;
;
;
;
;
;
;
;
;
;
;
;
;
;
;
;
;
;
;
;
;
;
;
;
;
;
;
;
;
;
;
;
;
;
;
;
;
;
;
;
;
;
;
;
;
;
;
;
;
;
;
;
;
;
;
;
;
;
;
;
;
;
;
;
;
;
;
;
;
;
;
;
;
;
;
;
;
;
;
;
;
;
;
;
;
;
;
;
;
;
;
;
;
;
;
;
;
;
;
;
;
;
;
;
;
;
;
;
;
;
;
;
;
;
;
;
;
;
;
;
;
;
;
;
;
;
;
;
;
;
;
;
;
;
;
;
;
;
;
;
;
;
;
;
;
;
;
;
;
;
;
;
;
;
;
;
;
;
;
;
;
;
;
;
;
;
;
;
;
;
;
;
;
;
;
;
;
;
;
;
;
;
;
;
;
;
;
;
;
;
;
;
;
;
;
;
;
;
;
;
;
;
;
;
;
;
;
;
;
;
;
;
;
;
;
;
;
;
;
;
;
;
;
;
;
;
;
;
;
;
;
;
;
;
;
;
;
;
;
;
;
;
;
;
;
;
;
;
;
;
;
;
;
;
;
;
;
;
;
;
;
;
;
;
;
;
;
;
;
;
;
;
;
;
;
;
;
;
;
;
;
;
;
;
;
;
;
;
;
;
;
;
;
;
;
;
;
;
;
;
;
;
;
;
;
;
;
;
;
;
;
;
;
;
;
;
;
;
;
;
;
;
;
;
;
;
;
;
;
;
;
;
;
;
;
;
;
;
;
;
;
;
;
;
;
;
;
;
;
;
;
;
;
;
;
;
;
;
;
;
;
;
;
;
;
;
;
;
;
;
;
;
;
;
;
;
;
;
;
;
;
;
;
;
;
;
;
;
;
;
;
;
;
;
;
;
;
;
;
;
;
;
;
;
;
;
;
;
;
;
;
;
;
;
;
;
;
;
;
;
;
;
;
;
;
;
;
;
;
;
;
;
;
;
;
;
;
;
;
;
;
;
;
;
;
;
;
;
;
;
;
;
;
;
;
;
;
;
;
;
;
;
;
;
;
;
;
;
;
;
;
;
